PRAGMA foreign_keys=OFF;
BEGIN TRANSACTION;
CREATE TABLE `Academic_Year` (
	`academic_year` YEAR,
	PRIMARY KEY (`academic_year`)
);
INSERT INTO Academic_Year VALUES('academic_year');
INSERT INTO Academic_Year VALUES(1994);
INSERT INTO Academic_Year VALUES(2007);
INSERT INTO Academic_Year VALUES(1985);
INSERT INTO Academic_Year VALUES(2002);
INSERT INTO Academic_Year VALUES(2009);
INSERT INTO Academic_Year VALUES(1995);
INSERT INTO Academic_Year VALUES(1997);
INSERT INTO Academic_Year VALUES(1992);
INSERT INTO Academic_Year VALUES(1998);
INSERT INTO Academic_Year VALUES(2000);
INSERT INTO Academic_Year VALUES(2004);
INSERT INTO Academic_Year VALUES(2006);
INSERT INTO Academic_Year VALUES(1987);
INSERT INTO Academic_Year VALUES(2010);
INSERT INTO Academic_Year VALUES(2011);
INSERT INTO Academic_Year VALUES(2012);
INSERT INTO Academic_Year VALUES(1996);
INSERT INTO Academic_Year VALUES(2005);
INSERT INTO Academic_Year VALUES(1991);
INSERT INTO Academic_Year VALUES(1969);
INSERT INTO Academic_Year VALUES(1993);
INSERT INTO Academic_Year VALUES(2003);
INSERT INTO Academic_Year VALUES(1989);
INSERT INTO Academic_Year VALUES(1999);
INSERT INTO Academic_Year VALUES(2001);
INSERT INTO Academic_Year VALUES(1986);
INSERT INTO Academic_Year VALUES(2008);
INSERT INTO Academic_Year VALUES(1956);
INSERT INTO Academic_Year VALUES(1966);
CREATE TABLE `exams` (
`Exam_Id` TEXT(100) NOT NULL DEFAULT '',
`ExamDate` DATE NOT NULL,
`ExamTotalMarks` DECIMAL NOT NULL,
`ExamWeightage` DECIMAL NOT NULL,
PRIMARY KEY (`Exam_Id`)
);
INSERT INTO exams VALUES('fe82a0a7-9998-4080-95ec-d1a8452e3381','25/05/2020',41,0.40999999999999997557);
INSERT INTO exams VALUES('e01bf4ad-7965-4175-9a10-9e3634be9b9f','20/07/2020',66,0.25);
INSERT INTO exams VALUES('fc476a1d-8983-4a36-a893-3176ba2436af','30/05/2020',71,0.42999999999999999333);
INSERT INTO exams VALUES('2ae33d6d-94db-4c83-9151-c85e1246f235','08/03/2021',74,0.35999999999999998667);
INSERT INTO exams VALUES('fc344363-f4b7-4f85-9ea8-563a07dc0264','06/04/2021',12,0.38000000000000000444);
INSERT INTO exams VALUES('1bd02076-0771-4d8d-ba94-351a2f6e1293','10/04/2022',72,0.22000000000000000111);
INSERT INTO exams VALUES('0c72ef50-038f-4f11-9894-7897a101e055','17/07/2022',72,0.60999999999999998667);
INSERT INTO exams VALUES('17111315-013b-48b6-b021-e5fcef0875bd','25/03/2020',86,0.46000000000000001998);
INSERT INTO exams VALUES('e80d8d04-4311-45e9-a85e-0c00e1ed7078','27/08/2019',8,0.95999999999999996447);
INSERT INTO exams VALUES('5f2ec924-0b25-4be8-94a0-c8b7b45406b9','03/02/2020',45,0.63000000000000000444);
INSERT INTO exams VALUES('6838903b-fd6a-40e7-82fe-84ece1cda676','26/03/2020',35,0.46999999999999997335);
INSERT INTO exams VALUES('7d9313c8-958a-4c09-bc6a-f854b90623ee','24/02/2022',40,0.9000000000000000222);
INSERT INTO exams VALUES('2d975ae9-d2b6-4cb7-8f89-f98f8067d09c','19/06/2021',58,0.98999999999999999111);
INSERT INTO exams VALUES('1a2b2891-8520-45ee-bcb7-e1c3de4d9b14','22/10/2021',26,0.020000000000000000416);
INSERT INTO exams VALUES('fe8a263a-29e4-4653-9483-0a9d25ae674e','02/07/2019',87,0.080000000000000001665);
INSERT INTO exams VALUES('23a28648-dba0-40ce-8fb0-aaea9f6fe54e','10/11/2021',54,0.69999999999999995559);
INSERT INTO exams VALUES('db059006-12b3-437c-a28f-7c4e0df3c610','21/06/2019',29,0.81999999999999995115);
INSERT INTO exams VALUES('98bb96be-80f7-4c36-9903-80b98e6659a2','18/11/2021',69,0.30999999999999999777);
INSERT INTO exams VALUES('d07818f9-f738-407c-ae1b-5847103c2dd3','01/11/2021',66,0.23000000000000000999);
INSERT INTO exams VALUES('30748adc-4742-439e-8555-3f77717c5ef0','26/05/2020',30,0.46999999999999997335);
INSERT INTO exams VALUES('55f30a3f-da16-4e2b-81b4-1b17e8c2f00f','10/12/2021',56,0.92000000000000003996);
INSERT INTO exams VALUES('92845d99-1912-4ab3-a0b0-7fd5720057ab','12/07/2019',96,0.010000000000000000208);
INSERT INTO exams VALUES('30789272-b99d-4aff-b33b-c6c35e8e624e','02/11/2020',7,0.32000000000000000666);
INSERT INTO exams VALUES('a99b5ee4-24a9-4a9a-bbe4-5921f20a5ee6','28/10/2019',36,0.040000000000000000832);
INSERT INTO exams VALUES('568e2b68-d245-435e-ab5a-d1e0fa374daf','11/12/2020',85,0.59999999999999997779);
INSERT INTO exams VALUES('8d5a8ab2-afaa-4c93-a767-c0fb680c4522','24/07/2022',45,0.83999999999999996891);
INSERT INTO exams VALUES('6b744ab9-3e6e-4edd-9321-6709b2c8892a','15/10/2019',91,0.029999999999999998889);
INSERT INTO exams VALUES('0e2a8045-8c9b-4d1a-8c90-6915c3e014e1','08/02/2020',61,0.60999999999999998667);
INSERT INTO exams VALUES('e9348696-0747-48e6-8b92-54b1ff315277','19/05/2020',11,0);
INSERT INTO exams VALUES('8949d5f4-6ab2-4450-8318-71b1895b4bc9','05/04/2022',13,0.83999999999999996891);
INSERT INTO exams VALUES('6db8b7fc-e496-4af8-a04f-0fb5ffe0aac7','18/04/2019',20,0.48999999999999999111);
INSERT INTO exams VALUES('e4ed47ee-2d38-44bd-ae1a-6d858cf79c85','25/03/2019',68,0.51000000000000000888);
INSERT INTO exams VALUES('6483cbd3-7f81-47e2-8c48-092684fb8846','25/11/2021',62,1);
INSERT INTO exams VALUES('696d0083-ba91-4edb-a0e9-66f991f077e8','22/12/2020',36,0.14999999999999999444);
INSERT INTO exams VALUES('e01ea61b-6be3-4b02-8cb0-9ec57586f158','14/08/2021',22,0.22000000000000000111);
INSERT INTO exams VALUES('60dffb53-62e0-4d41-98eb-00a0ad5d1dcb','19/08/2021',8,0.40999999999999997557);
INSERT INTO exams VALUES('b783bb28-d304-48e1-a512-226ce189f408','10/04/2022',49,0.79000000000000003552);
INSERT INTO exams VALUES('903c7de9-b8ac-4176-aedd-5c1a3391be70','06/03/2022',63,0.71999999999999997335);
INSERT INTO exams VALUES('ee55b8d2-9540-4449-88d2-957e00b6c09e','17/10/2020',42,0.48999999999999999111);
INSERT INTO exams VALUES('f8dfcfa6-1491-4ad7-9752-5bdab6f1c295','23/04/2020',83,0.20999999999999999222);
INSERT INTO exams VALUES('b931be1f-9ea1-4ad7-8571-e4b43d9f6ce2','22/09/2019',9,0.40999999999999997557);
INSERT INTO exams VALUES('eec8b21f-8cf9-4b4c-8ee8-ff4c0e8fcfb9','30/06/2020',18,0.8000000000000000444);
INSERT INTO exams VALUES('5c7d0724-7a6a-4ce1-abb2-19eb0343e34e','28/04/2020',19,0.60999999999999998667);
INSERT INTO exams VALUES('22a0d085-8983-44c5-9786-1307eb49b177','19/03/2020',48,0.77000000000000001776);
INSERT INTO exams VALUES('d5d97b52-4fce-4e24-a49a-78cfa9298480','16/01/2020',27,0.36999999999999999555);
INSERT INTO exams VALUES('5647edcc-29f0-474b-9e85-ab28c268ad1c','04/05/2020',47,0.46000000000000001998);
INSERT INTO exams VALUES('84794ca4-761e-4285-8392-32fccb57dd44','15/05/2020',93,0.46999999999999997335);
INSERT INTO exams VALUES('e6308890-473c-4614-96db-bd65ab7c6f60','22/06/2021',38,0.89000000000000001332);
INSERT INTO exams VALUES('96a0941a-fb51-417e-a68e-94fad060f023','08/05/2020',33,0.28000000000000002664);
INSERT INTO exams VALUES('42acb7ce-e574-415d-bff0-573352624638','13/01/2020',38,0.22000000000000000111);
INSERT INTO exams VALUES('b2e78cfa-081b-43ca-8e45-472eb10cae13','03/03/2022',27,0.36999999999999999555);
INSERT INTO exams VALUES('837ca774-f4e2-40d9-95c5-9bfa1875b864','22/05/2019',70,0.22000000000000000111);
INSERT INTO exams VALUES('1334fe37-2f37-4d66-a4e7-5283bf1ff911','01/03/2021',30,0.29999999999999998889);
INSERT INTO exams VALUES('9b919e8c-e636-4fd7-8fb5-4991d60ed4e6','31/05/2020',51,0.41999999999999998445);
INSERT INTO exams VALUES('a3cb80be-d551-4ea8-8fc9-3c7c82e8717b','06/09/2022',29,0.41999999999999998445);
INSERT INTO exams VALUES('c2b7c0a2-aa74-474e-b316-3d19bdbb0f57','02/10/2019',8,0.57999999999999996003);
INSERT INTO exams VALUES('315c052d-aa7a-4a6a-8690-93db7dc4c4a0','30/12/2020',25,0.42999999999999999333);
INSERT INTO exams VALUES('2a663f1b-a171-4651-8da8-b39866945a63','28/04/2019',59,0.54000000000000003552);
INSERT INTO exams VALUES('bd213c14-0307-4877-aff0-df793c112276','16/05/2022',28,0.58999999999999996891);
INSERT INTO exams VALUES('b3ccdd23-a56c-4d89-816c-e2b0da5683e4','18/02/2022',42,0.4500000000000000111);
INSERT INTO exams VALUES('e1917cba-0b98-4054-90e2-e0416aff297e','22/03/2021',36,0.46999999999999997335);
INSERT INTO exams VALUES('844276b3-8e31-4f8c-9500-f061c6cf9325','17/04/2019',12,0.9000000000000000222);
INSERT INTO exams VALUES('d26dcf11-21d8-4110-a152-f12cee70d90d','03/12/2021',40,0.029999999999999998889);
INSERT INTO exams VALUES('81126351-9b45-45fc-8546-2a50b05afd89','31/05/2022',16,0.81000000000000005329);
INSERT INTO exams VALUES('960481c9-be97-416a-8711-21d9f87402f6','16/03/2021',20,0.98999999999999999111);
INSERT INTO exams VALUES('7cdffd84-e378-48db-9c48-45fbf52fc22d','26/10/2020',45,0.78000000000000002664);
INSERT INTO exams VALUES('50eb6c26-4b03-4785-961e-148141b5ae1f','08/07/2019',41,0.080000000000000001665);
INSERT INTO exams VALUES('312d150b-9941-4bd0-b0af-74f5485b516f','13/11/2019',32,0.72999999999999998223);
INSERT INTO exams VALUES('079c3631-7d9e-4bbd-adaf-526692889d95','17/06/2020',43,0.28000000000000002664);
INSERT INTO exams VALUES('e34192c7-e421-4247-a56d-fc24f08658fd','02/12/2019',65,0.4500000000000000111);
INSERT INTO exams VALUES('9a729822-75a8-4cfb-a60c-599976203d97','01/02/2021',8,0.11000000000000000055);
INSERT INTO exams VALUES('febf849f-cbbe-4469-8b71-615b75f53f84','06/09/2022',12,0.81000000000000005329);
INSERT INTO exams VALUES('43b28770-7615-493b-8b42-fe474560367c','14/07/2020',29,0.72999999999999998223);
INSERT INTO exams VALUES('07aeff23-f2f3-4726-8dfd-a291be28a6e5','22/12/2019',42,0.69999999999999995559);
INSERT INTO exams VALUES('e573760e-198d-418c-94c1-639f3d1942b6','10/09/2020',47,0.72999999999999998223);
INSERT INTO exams VALUES('68f0662b-aed3-48ec-a185-214090fb991b','13/04/2022',2,0.48999999999999999111);
INSERT INTO exams VALUES('e2e96392-3dbb-4a77-a6a5-96b91c551c99','29/07/2021',94,0.84999999999999997779);
INSERT INTO exams VALUES('868beb0a-799f-45ca-bbd6-9889fbe32fe2','29/03/2020',35,0.72999999999999998223);
INSERT INTO exams VALUES('f7d1320f-5324-4f66-acfb-0a2350f15e48','30/09/2020',25,0.56000000000000005329);
INSERT INTO exams VALUES('0d95a1ba-d279-428f-89f7-e1f7766cd7c7','12/03/2019',74,0.77000000000000001776);
INSERT INTO exams VALUES('6c8bdc68-bfe8-4e5e-a3d8-4eb374876d7c','13/06/2022',27,0.85999999999999998667);
INSERT INTO exams VALUES('e66b8751-0438-412e-971f-2eeaab6f01ee','03/03/2021',19,0.059999999999999997779);
INSERT INTO exams VALUES('ced6b6f6-7b6b-41f3-a3db-c24fa9973e71','27/06/2021',0,0.70999999999999996447);
INSERT INTO exams VALUES('2919c69a-8956-4bfc-9f05-87831502b847','06/04/2020',12,0.71999999999999997335);
INSERT INTO exams VALUES('7ce1d01c-f1b4-4592-a2d0-075e0b8e45b6','06/07/2022',36,0.72999999999999998223);
INSERT INTO exams VALUES('2f408dd5-438d-4851-a44f-2e338c49d3ce','12/11/2021',60,0.63000000000000000444);
INSERT INTO exams VALUES('24b88784-3a63-4115-afea-fe51031a3b7f','31/07/2020',4,0.6899999999999999467);
INSERT INTO exams VALUES('17a97595-d52a-4b2f-bc1e-a6a7c0aefba8','29/07/2021',2,0.69999999999999995559);
INSERT INTO exams VALUES('efc94f38-051a-455a-8397-b306bbbb17eb','26/12/2021',56,0.4000000000000000222);
INSERT INTO exams VALUES('cec5d6c7-184b-4f7d-bd0e-ca5459b156de','08/12/2021',67,0.28000000000000002664);
INSERT INTO exams VALUES('9f734ad6-a3b1-42cf-ba25-300ecf373405','13/01/2021',51,0.59999999999999997779);
INSERT INTO exams VALUES('cf27eb91-12b7-45df-8234-f453f88201ba','21/11/2020',77,0.29999999999999998889);
INSERT INTO exams VALUES('6565c57e-3de4-4782-948a-d861d67bf95b','05/06/2021',5,0.69999999999999995559);
INSERT INTO exams VALUES('7d0bb8c3-af76-4a3c-8797-6444707aaa3e','09/05/2021',58,0.050000000000000002775);
INSERT INTO exams VALUES('6e16a6ad-f093-4698-bafb-b0ca8ef7477f','21/09/2019',54,0.40999999999999997557);
INSERT INTO exams VALUES('963d801b-77f6-4a34-84d4-3c06f9db867e','09/08/2019',84,0.010000000000000000208);
INSERT INTO exams VALUES('a035e8c9-32ac-462d-aa9d-7a4b8b0a9ad6','10/02/2021',35,0.69999999999999995559);
INSERT INTO exams VALUES('d7b68fc9-47b4-422b-bf3c-33b37083f812','12/05/2021',59,0.40999999999999997557);
INSERT INTO exams VALUES('9c9bc638-52c7-40ed-9882-e110e7b68df3','06/04/2020',35,0.97999999999999998223);
INSERT INTO exams VALUES('695e8414-0606-4997-a81b-549a9a71d813','18/08/2019',82,0.51000000000000000888);
CREATE TABLE `Guardian` (`Guardian_ID` TEXT(100) NOT NULL DEFAULT '',`StudentID` TEXT(100) NOT NULL DEFAULT '',`GuardianName` TEXT(100) NOT NULL DEFAULT '',`GuardianRelation` TEXT(100) NOT NULL DEFAULT '',`GuardianContactNo` INT(10) NOT NULL,`GuardianQualification` TEXT(50) NOT NULL DEFAULT '',`GuardianOccupation` TEXT(50) NOT NULL DEFAULT '',`GuardianEmailID` TEXT(50) NOT NULL DEFAULT '',PRIMARY KEY (`Guardian_ID`));
INSERT INTO Guardian VALUES('dc1b4a7a-b1ba-48ab-8de9-270de6f65677','8ee5f1e0-76fd-4d11-8b2f-dbcaca4fbf1d','Kahlil Simonsson','Aunty','344-122-7180','B.E.','Athlete','ksimonsson0@cbslocal.com');
INSERT INTO Guardian VALUES('8fefbf2a-0247-4c21-8aac-073df6417af0','97280c83-274e-43dd-8087-6a337299369a','Kirbie Beament','Aunty','853-800-4352','M.B.B.S','Scientist','kbeament1@so-net.ne.jp');
INSERT INTO Guardian VALUES('0c7426a4-764f-4804-83db-4a19504deb33','e108d673-d58f-4e3f-b556-02805dabdcb0','Way Kort','Uncle','331-797-0839','10th pass','Scientist','wkort2@mozilla.com');
INSERT INTO Guardian VALUES('6a4b4f6e-613d-4712-a729-a7e77622b6a9','731a6ca5-f28c-4410-90f4-db18275ea4fc','Ingemar Orrill','Mother','966-353-5249','M.Tech','Gamer','iorrill3@tripadvisor.com');
INSERT INTO Guardian VALUES('302df17e-5845-403a-9a10-4221c3481ce5','d2d0d834-eda4-479c-ba89-fb4c152aeaaa','Dru Mingus','Aunty','773-503-3254','10th pass','Scientist','dmingus4@bigcartel.com');
INSERT INTO Guardian VALUES('75c630a5-2c1a-4009-bfff-74166acc604f','4e36b993-4f58-4ac2-8085-9c2d27dbee02','Gunter Dochon','Uncle','407-475-8149','B.Tech','Doctor','gdochon5@forbes.com');
INSERT INTO Guardian VALUES('806a142e-d086-4ff3-80fb-756fb9adb0bb','7577ab6d-edd9-4420-b810-60fa6a9786fb','Jo Emsley','Mother','435-148-4607','M.B.B.S','Gamer','jemsley6@t-online.de');
INSERT INTO Guardian VALUES('b1695ff3-8148-4e5a-8436-cfc04c28cb3f','17b56e84-1284-4ed6-87a0-3d9f930855f3','Aloise Vile','Father','960-125-9805','12th pass','Teacher','avile7@clickbank.net');
INSERT INTO Guardian VALUES('162319fa-fc7c-47a4-bd4b-90b92fa5822d','573ae328-c74b-4e6b-adb3-35335bcf2149','Hedda Puvia','Uncle','659-470-7338','10th pass','Scientist','hpuvia8@sciencedaily.com');
INSERT INTO Guardian VALUES('d1b7ba0a-8233-4287-872a-dcf1a10b976f','d6d473c0-b5b7-4c13-9521-9c0c80ef4007','Ettore Looby','Uncle','650-714-6451','M.B.B.S','Business Man','elooby9@php.net');
INSERT INTO Guardian VALUES('468a9a6e-a836-4480-8ab6-9bf602c2bddf','818d9601-55b3-44ac-8c01-dc1effef620f','Vilhelmina Mainstone','Mother','547-147-1579','B.A.','You-Tuber','vmainstonea@globo.com');
INSERT INTO Guardian VALUES('cd4693a4-2024-45d4-9aeb-64787d2b4574','0eefeec9-e397-4fff-905a-be3fa53678ae','Damaris Scholz','Father','667-837-9281','B.A.','Business Man','dscholzb@cbc.ca');
INSERT INTO Guardian VALUES('582dda5e-a38c-44d6-a207-7d4ceac2787e','f4f0912c-a719-424f-885a-f097fad6d011','Xavier Brashier','Uncle','145-603-5144','B.A.','B.A.','xbrashierc@hao123.com');
INSERT INTO Guardian VALUES('994d21d9-57c0-47d6-baa7-7bc7192e3cd2','59c4ef94-f76c-4d8d-9055-09e5ed68598b','Reggy Kelleway','Father','441-731-8887','B.A.','You-Tuber','rkellewayd@newyorker.com');
INSERT INTO Guardian VALUES('f273d597-103f-4710-b47f-164024a53ed8','3661acc3-c92a-48c1-a863-3823ddba5a55','Elly Baiyle','Mother','560-995-5533','10th pass','Doctor','ebaiylee@discuz.net');
INSERT INTO Guardian VALUES('7de35fda-8841-4e47-9c59-dbe88aed53ec','b6d126df-e1b5-4635-95f9-266053184421','Gustie Pegram','Father','384-999-1822','12th pass','Doctor','gpegramf@mysql.com');
INSERT INTO Guardian VALUES('6ccc9897-23af-470f-a1ec-a24dad2684ee','1e605dc1-209a-4ad9-9121-5ed41b78a6e7','Oliver Adicot','Father','102-389-1610','B.Tech','B.A.','oadicotg@yale.edu');
INSERT INTO Guardian VALUES('b61ea1d8-a2af-4523-920c-33d245fffdea','fb71b8b9-87ef-42e6-a141-10b71e634aee','Veronica Margaret','Aunty','520-171-9887','B.E.','Athlete','vmargareth@ebay.co.uk');
INSERT INTO Guardian VALUES('95d14868-0dcd-435e-9758-5544e4a5725e','087ae06f-8506-4ef7-95bb-e6732f583e41','Starr Manjot','Mother','261-259-7780','10th pass','Teacher','smanjoti@bloomberg.com');
INSERT INTO Guardian VALUES('c9497130-6267-4559-93c3-332ab09e5aae','2f16661e-e342-432f-8932-c7819b964623','Rebeka Rives','Aunty','596-450-6806','B.A.','Doctor','rrivesj@storify.com');
INSERT INTO Guardian VALUES('7e6cc815-fedc-452e-88de-fd4da3376b91','6408846e-6e37-44a3-a835-05a58de76672','Valerie Rafe','Aunty','318-346-8513','B.E.','Athlete','vrafek@blogger.com');
INSERT INTO Guardian VALUES('0b7b393e-bef6-4e8c-885a-43ad8c4e6389','cb78f7f0-0403-4d21-9ed6-2252672505ed','Tull Winkworth','Uncle','286-545-3248','B.E.','Business Man','twinkworthl@fema.gov');
INSERT INTO Guardian VALUES('85fbe0cf-94ee-465f-b2d3-15ad4a28f828','b559f66e-1b7a-4760-8fba-f6f28c4dc1f0','Ermanno Lamas','Mother','491-879-3567','12th pass','Athlete','elamasm@utexas.edu');
INSERT INTO Guardian VALUES('9c4a8d23-8537-4f60-8759-47f53f5fcef4','0a1e213d-7116-40f1-a48a-46d6630fabbe','Cristiano Van der Hoven','Uncle','996-375-9137','10th pass','Business Man','cvann@prweb.com');
INSERT INTO Guardian VALUES('795366cb-a4c5-4858-b6f7-f8df4e46a5c8','c038b108-632a-4781-9375-558dc0dda95f','Edmund Ottewill','Mother','542-682-4532','M.Tech','Business Man','eottewillo@psu.edu');
INSERT INTO Guardian VALUES('5ccc1db6-19e2-48f1-93f0-d4b080039f5e','aab97fc1-ce90-4f2b-8b6e-a842db3e6d9d','Bart McCurtin','Mother','695-860-4188','B.A.','Athlete','bmccurtinp@cnet.com');
INSERT INTO Guardian VALUES('b5328b8d-c18a-4036-ada0-fc95b85d11c2','d41ab598-1755-442c-96cc-634e0e887d41','Joycelin Hucks','Father','962-782-7373','M.Tech','Gamer','jhucksq@sciencedirect.com');
INSERT INTO Guardian VALUES('d786afa0-ffca-4da3-806e-1af4defe65b4','ba275ff2-2c9b-4755-b0ee-1892d8704c24','Dennis Leverett','Mother','960-814-2751','B.E.','Athlete','dleverettr@lulu.com');
INSERT INTO Guardian VALUES('87c120f9-994a-4895-8a69-602400cb1247','c0a7090e-3f51-453a-8e2c-5cf5df9affaa','Chevy Edy','Mother','761-588-5982','12th pass','Athlete','cedys@house.gov');
INSERT INTO Guardian VALUES('f718c0ee-55f2-495c-b12b-07a2c925dbf2','77227210-4a0e-4129-b9de-48349f8477b4','Tracey Scoterbosh','Mother','892-196-1577','B.Tech','You-Tuber','tscoterbosht@wikipedia.org');
INSERT INTO Guardian VALUES('80618868-d3ec-4053-a055-e69373be1f03','37762afc-5ff4-4725-b582-bd4fdc29b394','Uriah Goode','Uncle','146-822-1897','M.Tech','You-Tuber','ugoodeu@creativecommons.org');
INSERT INTO Guardian VALUES('ecb4c576-6c75-4329-ab45-174a2c904c67','cc34d700-4cdc-487c-aa4a-062c36e5bf10','Missy Ottery','Father','700-666-6509','B.E.','Athlete','motteryv@github.com');
INSERT INTO Guardian VALUES('7ffa100f-bbbd-4c25-91a6-db5dc20a6bbd','0e4114da-dba5-4ee8-82ed-dc18d2637aa4','Heddie Doubrava','Mother','701-819-7681','12th pass','Teacher','hdoubravaw@mediafire.com');
INSERT INTO Guardian VALUES('7f020508-2cda-4edd-9b66-065bc5b9fa36','a35ab84b-1ec1-4466-98bb-141064bae12b','Sherlock Lau','Uncle','280-980-5841','B.A.','Doctor','slaux@godaddy.com');
INSERT INTO Guardian VALUES('9fc2f56d-12cf-4d5e-910a-62d4867229ef','e2f24329-093a-4cf7-a915-a573edf19ecd','Nola Gludor','Aunty','359-383-1774','10th pass','Doctor','ngludory@cyberchimps.com');
INSERT INTO Guardian VALUES('8b3730de-4750-4c19-862f-5da605aefa0c','2931dba7-a3f0-43be-91f8-d3bf3cf74910','Emmy Giacopelo','Aunty','642-735-3021','12th pass','Teacher','egiacopeloz@businesswire.com');
INSERT INTO Guardian VALUES('8ea7f9dc-8e74-4f9e-8d1b-1b35022cd7d8','5a922046-3593-4f6a-995c-36bcfe404bbc','Jermaine Riddall','Uncle','712-382-3928','B.E.','Business Man','jriddall10@feedburner.com');
INSERT INTO Guardian VALUES('fd225186-56fd-4a1d-ba6a-d322920279b9','3cb258e3-da15-436c-9b76-1556e685f612','Reinhard Keasey','Mother','551-597-0461','M.Tech','Business Man','rkeasey11@oaic.gov.au');
INSERT INTO Guardian VALUES('34e84e1f-92a0-4340-8a8c-5bab0fd49593','bf1b7e74-625f-4765-9e60-7810c5defa0e','Leah Soeiro','Father','335-167-8561','12th pass','Teacher','lsoeiro12@craigslist.org');
INSERT INTO Guardian VALUES('d1ef8b51-016e-4d2b-8c61-1864b74014ad','51858d69-e568-420a-b4b6-e003164abd9b','Emmy Dutnall','Mother','157-423-2461','M.B.B.S','Scientist','edutnall13@nbcnews.com');
INSERT INTO Guardian VALUES('a9b6e730-8ab0-484b-a482-98bbd388e256','15a678b6-512a-4b60-b36e-f63793586dcb','Romy Stachini','Aunty','450-929-3004','M.B.B.S','Gamer','rstachini14@earthlink.net');
INSERT INTO Guardian VALUES('e3e5f7d9-9343-43f9-970a-cc174c52e9fa','75f36941-e4b4-41ca-aba6-5e0010169903','Katlin Emmanuel','Aunty','391-579-6934','B.A.','Doctor','kemmanuel15@umich.edu');
INSERT INTO Guardian VALUES('bac6b6c5-d55d-44e5-8425-efb9aca25de8','ef2539df-20da-4edf-b177-0c190caed9f5','Hope Garling','Father','731-398-6126','B.A.','Athlete','hgarling16@microsoft.com');
INSERT INTO Guardian VALUES('2f62183b-0da8-4736-930e-075c3e6fd3eb','3113a758-83be-40d8-8072-4354eb8725b6','Pasquale Eastop','Uncle','995-632-1706','M.B.B.S','Scientist','peastop17@economist.com');
INSERT INTO Guardian VALUES('dbeb63b9-d376-48b6-8da1-82fff7c5f44b','d49ebb6a-2b69-492e-bea7-05f7ca73546d','Lanna Kaufman','Mother','338-133-2429','B.A.','You-Tuber','lkaufman18@opensource.org');
INSERT INTO Guardian VALUES('8387563e-f52f-419d-853c-fed33ca5ab53','772dba56-75e0-4720-9e15-8a685388fefe','Gabriellia Golds','Aunty','198-361-7652','12th pass','Athlete','ggolds19@answers.com');
INSERT INTO Guardian VALUES('93609bfd-3ae5-4c51-99f8-76d417fc1425','7f1bfb49-091c-4fcd-b437-95ccb98b85a5','Oralla Fyers','Aunty','564-347-7386','12th pass','You-Tuber','ofyers1a@dropbox.com');
INSERT INTO Guardian VALUES('07464922-4b1b-4921-8237-170305ab505d','04b82bc4-dcd9-457e-9021-f00f740a6c55','Bradley Itchingham','Uncle','812-238-2382','10th pass','B.A.','bitchingham1b@usgs.gov');
INSERT INTO Guardian VALUES('bd8a7308-cd57-45c5-9195-b479c092b50b','328cb326-1257-4895-ba13-98c8ee5b9081','Normy Bockett','Father','948-523-7601','B.E.','Scientist','nbockett1c@europa.eu');
INSERT INTO Guardian VALUES('d5b351a4-ae48-422b-bad3-4a46488a9945','924cc991-fc0d-4cb4-830a-a943e7483931','Mollee Geer','Uncle','436-641-8881','B.E.','Scientist','mgeer1d@smh.com.au');
INSERT INTO Guardian VALUES('e7ebe516-f0f1-478e-80b9-b52ad85f12cc','74974e00-683a-40ab-a627-f3dc0bf33d46','Thibaud Rekes','Mother','593-576-5870','M.Tech','Scientist','trekes1e@shinystat.com');
INSERT INTO Guardian VALUES('a72ac3ba-fcd6-47f7-8e1b-487d12186ee5','5ac49057-b239-4e53-aa6e-da40518a316e','Jasmina McFadin','Uncle','768-854-0391','M.B.B.S','B.A.','jmcfadin1f@cyberchimps.com');
INSERT INTO Guardian VALUES('1f00060d-c3cf-46bd-b01f-9390e6a3c383','0dab48ef-72e1-4079-a915-670b8f63f57a','Irena Buttrey','Father','353-326-0013','B.A.','Business Man','ibuttrey1g@si.edu');
INSERT INTO Guardian VALUES('5a43be6d-195f-4718-b0a3-20f150d93ffa','a347eb3b-2ac7-4d7d-9b84-c8f54784a7e1','Sutherland Paxton','Uncle','849-866-8472','M.B.B.S','Athlete','spaxton1h@narod.ru');
INSERT INTO Guardian VALUES('f3806b1e-7fa3-40df-b7b0-d6dbbffd3f0c','59753944-4dc1-4e4e-a7d1-61832ce25c6f','Rhoda Stallion','Mother','872-172-6600','12th pass','Doctor','rstallion1i@tumblr.com');
INSERT INTO Guardian VALUES('b602319f-e498-463b-bff0-847718c307e9','5c6763fd-d2a0-4cc5-a55a-530ed6586473','Tilda Pahl','Mother','970-849-8717','B.E.','Doctor','tpahl1j@bing.com');
INSERT INTO Guardian VALUES('34477b77-3ab7-4e49-bec2-351b5d0cbca9','6fd67e82-e4a9-49b5-ab6a-8605f02632ee','Loralie Liddy','Aunty','766-882-3936','B.A.','Teacher','lliddy1k@yellowbook.com');
INSERT INTO Guardian VALUES('e01269fa-8bec-4ca1-8011-2ab54a265f3c','f9a9bb77-88aa-4cb7-a010-3cea651c8a52','Amalie Pinchon','Aunty','890-195-0083','B.Tech','Business Man','apinchon1l@canalblog.com');
INSERT INTO Guardian VALUES('10aee7ae-2ebf-487a-811a-3ea3a396e273','345b8b42-dfe7-4c19-88a4-81ae48425da9','Ellsworth Dugald','Father','107-578-5950','B.Tech','Business Man','edugald1m@meetup.com');
INSERT INTO Guardian VALUES('4ed6ac28-acf1-402d-86de-9022dbe6dc7d','89042e95-1a92-4da0-957e-c3b16d8e9f42','Adena Gounard','Mother','413-521-0695','B.E.','You-Tuber','agounard1n@opensource.org');
INSERT INTO Guardian VALUES('6ffc4dfc-ea3b-419b-bf9b-c4456523330b','8edc2842-a6f3-4f60-8fcd-b5f834bcfbdf','Garald Keyes','Aunty','158-837-3964','B.E.','Gamer','gkeyes1o@t-online.de');
INSERT INTO Guardian VALUES('d6b59468-87ef-4ced-aaa9-1006a6ede515','2c8de342-11b5-4819-ac59-739ab80af295','Emilie Bestar','Father','645-248-9776','B.Tech','Business Man','ebestar1p@umn.edu');
INSERT INTO Guardian VALUES('2420adc9-afa7-436a-9001-d69f0cba4e71','1c53b7c1-d844-40a3-bf66-4ec282c35d4e','Vallie Philippard','Father','390-857-5330','10th pass','You-Tuber','vphilippard1q@smugmug.com');
INSERT INTO Guardian VALUES('1be90a5e-08d3-45f6-987c-86c5f3cd16fc','acb11d1e-8220-44cb-831b-05e187b3d025','Carlin Mewburn','Mother','892-790-6759','M.B.B.S','Teacher','cmewburn1r@arizona.edu');
INSERT INTO Guardian VALUES('2e20b5b1-a1f6-4477-acca-1b80e9a082f5','e7a80b48-26bf-4957-b6d9-f0bb7dc4e031','Sharl Plimmer','Uncle','418-896-5107','B.A.','Athlete','splimmer1s@sourceforge.net');
INSERT INTO Guardian VALUES('cae1dad3-30d5-4496-80e8-e6812578bbf8','7c2a2c22-e0f2-4e9c-b40e-9b534c1a90af','Yorgos Kelinge','Aunty','380-953-2416','10th pass','Gamer','ykelinge1t@stanford.edu');
INSERT INTO Guardian VALUES('dda9ebbb-8a12-40af-9763-92142059ed02','e8e1f4eb-2f13-4010-9747-3daceae20288','Madge Nyles','Mother','503-617-5655','M.B.B.S','Business Man','mnyles1u@ted.com');
INSERT INTO Guardian VALUES('9036cfaf-fa41-45f6-8c0b-4423fa4284ed','05c89edd-9875-4367-82c6-7630512f788b','Garrott Linley','Father','945-822-9399','M.Tech','Business Man','glinley1v@adobe.com');
INSERT INTO Guardian VALUES('25e19dd7-7fdf-4815-8cdd-d2b8c5292876','f6bbee37-6ef5-4c99-9b88-33edd967b10f','Alleyn Pietesch','Uncle','897-299-3609','M.B.B.S','You-Tuber','apietesch1w@hostgator.com');
INSERT INTO Guardian VALUES('02c32239-9392-45e9-af49-5de237811074','bd103188-a18a-4e9c-a1ed-2d6671c4685b','Aprilette Kuhnt','Aunty','580-412-5835','M.B.B.S','B.A.','akuhnt1x@quantcast.com');
INSERT INTO Guardian VALUES('38b20c60-c411-4f7c-b4c6-726c8a7bb682','9db15feb-fb2f-42e1-b142-96ec20eb9be4','Monro Lynes','Uncle','309-999-7740','B.A.','Scientist','mlynes1y@mashable.com');
INSERT INTO Guardian VALUES('ba64949b-d6fe-4e17-b30c-b2e710619a0f','788f52ea-a761-47f2-b6e7-d0dd2aff7beb','Hope Sawnwy','Uncle','213-264-4211','M.Tech','Athlete','hsawnwy1z@slideshare.net');
INSERT INTO Guardian VALUES('3432937a-7aee-49d4-b59c-f6802dacbc3a','072abce4-137e-48b2-a060-17f2a5507c04','Oswald Iacovaccio','Father','849-542-6015','M.B.B.S','B.A.','oiacovaccio20@etsy.com');
INSERT INTO Guardian VALUES('35c0258a-0e94-4ccf-b2d7-13e64999f728','9ad0fd8d-4486-45df-9ab7-7f98e027572b','Kimmie Filmer','Uncle','425-125-3425','12th pass','Scientist','kfilmer21@cnbc.com');
INSERT INTO Guardian VALUES('5d446e1a-7ee1-43a1-b48b-a2225c98fa7d','813040c4-6cef-4374-836b-b5aaffeade69','Crystal Yewdall','Uncle','577-833-4362','M.B.B.S','Business Man','cyewdall22@aboutads.info');
INSERT INTO Guardian VALUES('04bfb2c6-d015-4eda-9fb6-4d89d29b2fe5','d508b7c1-7095-4763-8c49-85f54def0f78','Gabriele Wehner','Mother','403-196-6898','M.Tech','Business Man','gwehner23@nhs.uk');
INSERT INTO Guardian VALUES('709a01f9-ad77-43d5-8e4f-f5626fa881dc','d1e4c962-652a-4c47-97cb-e9c505db3de8','Dita Dicken','Aunty','227-517-9780','M.B.B.S','Business Man','ddicken24@youtube.com');
INSERT INTO Guardian VALUES('18e8db29-602d-4715-9b48-9e4868ee7409','8a1ee5cd-44ce-438c-a499-1368a841660e','Charlotte Powland','Uncle','836-741-6430','10th pass','You-Tuber','cpowland25@ehow.com');
INSERT INTO Guardian VALUES('a095ef51-263e-4a47-9ffe-69864a4bbbd8','c2e19307-ccd8-4e99-8018-9265696d5cce','Natka Blabie','Father','465-236-2943','12th pass','Gamer','nblabie26@goodreads.com');
INSERT INTO Guardian VALUES('e312e1bb-22c2-46db-a602-01e0ee200542','c9de9224-07b0-43c3-9edd-7f4d6fb03519','Bambi Rudolph','Aunty','466-710-1923','12th pass','B.A.','brudolph27@discovery.com');
INSERT INTO Guardian VALUES('c18515f8-89a4-45b0-8b53-0febd7951a0c','b0f3cc76-b5bd-40f1-8251-5e5e2afa1a9e','Gerhardt Aldham','Father','655-719-0735','B.A.','Athlete','galdham28@examiner.com');
INSERT INTO Guardian VALUES('69d523f2-3600-4aec-8b1f-0e5835beaa11','84c9b965-180e-4833-8a2b-394270063f16','Clemence Groucock','Father','305-865-0695','B.Tech','B.A.','cgroucock29@ezinearticles.com');
INSERT INTO Guardian VALUES('3bbbb652-28a4-4ca5-90e5-21de8797581b','a04b32e7-0a03-4533-8215-1abd38659940','Christiano Springford','Mother','615-427-7506','12th pass','Gamer','cspringford2a@netvibes.com');
INSERT INTO Guardian VALUES('a737ba9b-cf9b-46bc-9b10-0fd0b41cf664','89a9d67a-2b35-4982-9b2b-dad026ac7536','Janet Lantaff','Aunty','213-526-0871','M.B.B.S','Athlete','jlantaff2b@upenn.edu');
INSERT INTO Guardian VALUES('137d30d5-25e2-46e1-a284-bf2034f43830','df58e0a3-ba94-422d-b2d1-f93e864b87c8','Axe Posselwhite','Aunty','565-147-5044','B.Tech','Teacher','aposselwhite2c@foxnews.com');
INSERT INTO Guardian VALUES('7dfb3ad1-233b-4c3c-b470-08fd8f0d1e86','b59f8381-c53d-4325-9fd6-2b2462aeabb5','Fern Fildery','Mother','539-385-9220','B.E.','Gamer','ffildery2d@youtu.be');
INSERT INTO Guardian VALUES('77e76bf5-fea7-4091-bcd4-3fb7e4bdf192','5e0c7315-951f-4ac4-8265-87aa4496ce47','Basilius Muddiman','Aunty','234-810-7625','M.Tech','Teacher','bmuddiman2e@webs.com');
INSERT INTO Guardian VALUES('e5237e9b-6935-462c-930c-4dcddfc6bdc2','358a918a-4fdc-4153-a160-2e8699e66537','Louise Dewis','Father','449-866-5395','10th pass','Gamer','ldewis2f@delicious.com');
INSERT INTO Guardian VALUES('78c279ff-43be-4867-8001-f8ae2b60e65f','252b663e-ad2a-4b35-a5b0-7631b561414d','Durante Dongate','Father','782-364-2696','12th pass','Gamer','ddongate2g@cbslocal.com');
INSERT INTO Guardian VALUES('e1cc0262-0c84-4759-80f9-93f2692d626e','0a4d1cf4-c068-45f5-b4c1-ac592783552a','Kerrie Grange','Mother','449-982-3839','12th pass','Athlete','kgrange2h@mit.edu');
INSERT INTO Guardian VALUES('5803fa9a-9438-4dba-a846-1c28f3121cc8','0c552be5-c73d-4681-bac3-f97c4bb9a306','Sybil Leile','Mother','190-190-2879','B.Tech','Business Man','sleile2i@chron.com');
INSERT INTO Guardian VALUES('b0c9555b-9a71-443a-bc27-c3fcace2a7a4','60ad9017-d117-4afb-b412-b699f6cc8ef8','Eba Bowerman','Father','751-416-1567','10th pass','B.A.','ebowerman2j@shareasale.com');
INSERT INTO Guardian VALUES('b5c6c834-adb9-45e9-9de1-eede1a828f58','383cc2ab-c255-4773-88b0-ae2631cdd439','Lainey Scowcroft','Aunty','716-271-6050','B.A.','Teacher','lscowcroft2k@wikipedia.org');
INSERT INTO Guardian VALUES('5f17a203-2247-414c-ba5d-2f21a8d877a3','0bc20bbb-bea3-43dc-a1d2-05518bb62529','Hanni Bowry','Uncle','539-293-9859','B.Tech','You-Tuber','hbowry2l@baidu.com');
INSERT INTO Guardian VALUES('bfe2ca47-53cb-415f-a727-6ffb0accb152','fe45f569-02c3-41b3-b02a-7e151335003c','Benjy Kaesmakers','Father','791-539-3341','M.Tech','Doctor','bkaesmakers2m@slideshare.net');
INSERT INTO Guardian VALUES('63c4b84b-2f44-43e5-98cc-9f7a8b844b7c','88baa8fa-c0a4-4fb6-b7cd-34e1886be6e1','Garrard Tilby','Mother','896-595-0038','M.B.B.S','Doctor','gtilby2n@webnode.com');
INSERT INTO Guardian VALUES('1ca6fb21-e17d-43d6-94f6-d8904c37e8f6','ccd31a57-534f-4004-8896-976ba3375e12','Maurise Foot','Father','796-777-7945','M.Tech','Business Man','mfoot2o@usgs.gov');
INSERT INTO Guardian VALUES('d46349d6-3a04-4403-9b91-b5b19fe7f39b','65154f38-9416-41d9-a384-e439b4e2172c','Dianne Skea','Father','953-132-9828','B.A.','Business Man','dskea2p@feedburner.com');
INSERT INTO Guardian VALUES('92b1c3c1-c77d-4b72-abb2-aad16ce79c7d','5ce5dff9-deac-4b26-9a37-c4c0991859e4','Aurea Erbe','Aunty','275-946-4011','12th pass','B.A.','aerbe2q@yahoo.co.jp');
INSERT INTO Guardian VALUES('0b02cfbc-2333-49fb-92c1-6e3dbd17e206','773a418c-baf5-4227-bbb2-c772a7086889','Morissa Dovermann','Uncle','740-636-0881','10th pass','Doctor','mdovermann2r@shop-pro.jp');
CREATE TABLE `student` (
`studentid` VARCHAR(100) NOT NULL,
`studentname` VARCHAR NOT NULL,
`studentdob` DATE NOT NULL,
`age` INT NOT NULL,
`studentaddress` VARCHAR NOT NULL,
`gender` CHAR NOT NULL,
`classid` VARCHAR NOT NULL,
`academicyear` INT NOT NULL,
PRIMARY KEY (`studentid`)
);
INSERT INTO student VALUES('studentid','studentname','studentdob','age','studentaddress','gender','classid','academicyear');
INSERT INTO student VALUES('ddddc0dc-c070-4b7f-82b1-13ba9123157b','Hill Spain-Gower','10/01/2011',9,'84593 Birchwood Alley','M','286a247c-6731-46fc-88c1-7b5653093e3a',2002);
INSERT INTO student VALUES('dbae25c4-cfe7-4e4a-8fb1-d1784663ff6c','Constantina Ivantyev','16/04/2008',18,'48 Karstens Trail','F','cbf98d69-b620-4f7a-af1c-eaa2de670fc9',1989);
INSERT INTO student VALUES('8e660bbd-560c-4bd6-a8f5-0e9c15e850b5','Kenon Giacomi','02/09/2003',20,'8 Kipling Trail','M','ca8f8bb7-1700-4fc0-9e72-69a382340b77',2008);
INSERT INTO student VALUES('fabce3e0-4796-4331-8964-29da34fb8d50','Caz Dickinson','06/11/2017',10,'54238 Katie Street','F','7c76255e-5c82-4070-bd66-29238eedda61',2010);
INSERT INTO student VALUES('a69fbca8-905d-4771-a78a-89218c9e4477','Reynold Hambridge','26/04/2012',13,'8979 Pepper Wood Street','M','62a86067-154d-48be-a84c-6bda36c14655',2010);
INSERT INTO student VALUES('ade6d607-42eb-4875-897e-cb487631b55c','Hailey Sewall','09/07/2020',12,'25711 Hagan Center','F','e7414913-7ba5-437c-a7c9-6a7d7d77976f',2004);
INSERT INTO student VALUES('fe216cd9-2293-4d02-a68f-8eb26158e2e3','Alford Martinello','27/01/2010',16,'686 Oxford Trail','M','e3b3ce1a-7a7d-4fe5-8b22-e8effebd7530',1997);
INSERT INTO student VALUES('4f071e23-9d69-46e7-9f5d-1b7e363580db','Callie McClaren','08/05/2009',19,'8 Shelley Road','F','fce83731-7dde-4139-87ef-f098baa9ffe3',1988);
INSERT INTO student VALUES('20820baa-bce5-4f13-a8d4-185eb9fd650a','Kimberly Jirasek','19/06/2014',12,'6 Hansons Street','M','9484b819-3c27-4428-9970-d15c7edea019',2001);
INSERT INTO student VALUES('c8fb5842-3bff-4dc9-a3a0-ddb07ad72c5b','Emma Lurner','06/07/2013',3,'6680 Troy Alley','F','ba58c090-9757-4085-a0bf-d43baed7692e',2012);
INSERT INTO student VALUES('fca3d95d-c968-4a6d-8f70-a597b50f99e4','Ailyn Liddy','20/03/2003',15,'9493 Weeping Birch Center','M','12318be3-a2e7-46a9-a5e1-2e9fc2b5ebeb',1993);
INSERT INTO student VALUES('58adbbfd-473d-4b4d-8837-5cc0435a30a5','Franz Foulgham','22/11/2008',11,'02530 Prairie Rose Point','M','ea592b08-0618-477e-8db2-ba0164bdc06c',1994);
INSERT INTO student VALUES('493c1c29-f095-4dad-aa93-e9e3610f7841','Verene Titmus','19/03/2005',10,'389 Ramsey Lane','M','8bb5bf43-9003-4cb4-86c9-3b7fbe658be8',1995);
INSERT INTO student VALUES('b19d9c26-88cb-4cb4-8584-67acb121840b','Helen-elizabeth Levane','12/07/2020',10,'62497 Rieder Place','M','e2562409-e9ee-4ec9-a7e0-173084b3bc51',2001);
INSERT INTO student VALUES('5547c678-430a-4351-b093-62109fa70596','Merna McCarver','23/05/2003',12,'516 Mayer Alley','F','bffa79a9-8c46-43ad-b56a-52e8cdb66c7b',2001);
INSERT INTO student VALUES('40dbc66f-0aaa-474c-be35-22ec62742a04','Katinka Imason','08/06/2018',21,'57785 Garrison Road','M','cd249951-28e5-4711-83c7-d1baa7fda1d3',1998);
INSERT INTO student VALUES('27a75ec7-b213-4567-b882-bdf8a1514d4d','Bennie Rutherfoord','05/06/2008',14,'7 Raven Alley','M','7649eac0-d983-4c27-85b2-ba88dd33183f',2010);
INSERT INTO student VALUES('5a4d7df9-8d29-44bf-b17c-570bd4bf7bd9','Jakie Alekseicik','06/08/2023',8,'03623 Kipling Drive','F','1429f2b1-a1be-47ba-9ef2-0fc6a71d644a',2006);
INSERT INTO student VALUES('8f820dea-11b3-46da-b9c9-90dbd56e1946','Aland Edwardes','03/01/2011',20,'6 Knutson Crossing','M','055f1072-9ee7-4c4d-a477-f955f3f000aa',1987);
INSERT INTO student VALUES('71718de0-a292-415f-b0b0-2994f8b26480','Farris Warboy','18/08/2016',17,'38624 Sloan Road','M','b065b66f-aa1d-494a-8ca4-d818de65dbeb',2009);
INSERT INTO student VALUES('34704040-3315-4f1e-8a14-420337c5167c','Jonas McAughtry','01/03/2008',12,'15392 Hansons Point','M','6becdd9a-f694-4f99-a4ce-e2b9df63fa31',2003);
INSERT INTO student VALUES('d3ffbf5b-edae-4e77-8293-0802482995b0','Stan Hansley','19/10/2018',11,'07700 Redwing Hill','F','7d97820f-3777-4921-afb6-2eacd9731b21',2003);
INSERT INTO student VALUES('3e820d2d-3d2e-42b4-8c0e-74ff28a4d087','Madel Lascell','24/05/2021',8,'006 Grover Pass','M','92230b2b-96d8-4755-a58d-e4b6aa7b8317',2001);
INSERT INTO student VALUES('a55baa2f-b12f-401f-83b2-6c9bec75a893','Mavra Linck','14/11/2005',19,'65055 Lerdahl Avenue','F','3f6a52c5-87d3-4679-8705-33b9c0ddb1cc',1977);
INSERT INTO student VALUES('b70ad0a5-858b-4617-a91e-69345736ec94','Robbie McKibbin','21/06/2021',4,'13 Scofield Junction','M','737ca29b-536a-4841-a23b-c57fefd65af5',1996);
INSERT INTO student VALUES('47740aee-2e9d-4c11-8004-2c7cd121d568','Tabatha Blissett','23/04/2007',13,'989 Evergreen Pass','F','a9e3833b-6346-4f5a-9fea-57bb8565802e',1992);
INSERT INTO student VALUES('e834dae8-d0b1-4699-9271-0e3a3bade5aa','Antonetta Dionisi','16/01/2021',22,'22 Canary Lane','F','6c4820e0-681c-406a-a709-26f486dc8dd2',2012);
INSERT INTO student VALUES('4c825442-6e49-4991-82ee-560ff1ec7663','Arch Maddy','23/09/2003',11,'8 Anthes Center','F','0016e425-4309-4f48-b680-1f889589b3f7',1994);
INSERT INTO student VALUES('fdcf4430-0429-498d-b660-59c10b98403a','Kort Cregan','22/03/2005',19,'0667 3rd Terrace','F','60b048de-6983-4b56-b436-db3228039982',2009);
INSERT INTO student VALUES('8f15596f-02cc-443e-ba7d-bd483d40d723','Ninetta Boorer','13/12/2006',12,'1 Buena Vista Place','M','3732f8c9-652b-45d8-855f-d18aabb3192c',2012);
INSERT INTO student VALUES('45a7dab8-b0eb-4079-8d3f-b2fe0da273a1','Falito Doel','17/11/2012',3,'82 Manufacturers Alley','M','0afea7ed-9c18-4ee7-bd02-1257e9c16635',1993);
INSERT INTO student VALUES('5d5a9f6f-bfee-4339-935e-a22e18b92c98','Shannen Sobey','16/07/2016',5,'4 Northland Parkway','M','30a89a19-e3e4-4062-843e-b7049a9f4bd2',1993);
INSERT INTO student VALUES('7cfc4580-fec4-4152-8020-989d3eaac3ec','Shannah Moseley','05/01/2009',11,'4 Grover Street','F','d95143a7-583b-4024-b924-82c0b606c6ba',2005);
INSERT INTO student VALUES('aed6c2f7-504a-4a1e-b87d-c1ee3e06687f','Ginevra Corfield','05/05/2005',20,'14910 Macpherson Trail','M','345aea26-8961-4be6-8c79-41afbdb2bdb1',2005);
INSERT INTO student VALUES('6ecf5aeb-89aa-44ef-8a91-096397b591a3','Ivory Krolik','24/10/2001',21,'9651 Heffernan Hill','F','a8ce3fd1-6518-482c-acec-2176beeda30a',1995);
INSERT INTO student VALUES('00d4d14f-fbd1-4222-8343-68f28a76fd58','Beverley Rosenhaupt','10/01/2016',15,'923 Luster Avenue','F','67710cd5-e90e-47dd-a53f-519de998fdbf',2005);
INSERT INTO student VALUES('b2c56822-523f-4308-b524-70a841fcca45','Silva Buntin','27/09/2020',10,'16 Weeping Birch Center','F','dfc3faf0-db99-476d-b451-25ce7583f611',1968);
INSERT INTO student VALUES('6e262f9c-29a6-46f2-aca4-d93eeb2806f6','Ermin Lenormand','10/10/2002',16,'95971 Namekagon Point','F','96c64a40-af72-47da-b42d-1c53c62719a1',2012);
INSERT INTO student VALUES('84ab1514-17a4-4816-bcce-4ae9c61ef8bb','Noellyn Branno','17/10/2013',16,'5 Algoma Place','M','8af642bd-853c-40b8-9781-baa88b46d986',1997);
INSERT INTO student VALUES('0d19c848-e64b-4ae6-b8e6-ceecde2cc764','Scotty Burchfield','24/05/2021',18,'8 Lukken Road','M','3dc2b2ae-0390-4522-969b-5a1e6d6b1cc5',2008);
INSERT INTO student VALUES('e20cd644-5be9-480b-8c2d-b5452132178d','Randene Younger','17/12/2002',6,'11518 Northport Park','F','8b1c28ce-b346-4f38-8d24-de85d67e85e0',1993);
INSERT INTO student VALUES('382a4414-5ec4-4b50-ba58-0b2a1e8151d1','Grethel Havik','06/11/2011',17,'1 Havey Parkway','M','4d7695aa-9bba-47a9-8999-d434619e6877',2012);
INSERT INTO student VALUES('4c2d6acb-1e46-4c9a-b378-3371f0406f4a','Sadella Ginglell','29/08/2002',4,'05026 Golf View Parkway','M','bc403086-bf37-41ad-bdb2-531192954e61',2012);
INSERT INTO student VALUES('9d0b5320-fda0-4255-a0ed-6b7151cbec97','Marcellina Chastang','11/07/2009',18,'1076 Mariners Cove Circle','M','c89bfa5f-df22-4f3b-a805-efad776f2603',2004);
INSERT INTO student VALUES('82103c14-48b0-4199-98c0-5fdc36702377','Bernadene Drought','10/11/2002',8,'47345 Weeping Birch Junction','F','2abf20ea-42a6-4de2-abab-a4e595de72e0',1993);
INSERT INTO student VALUES('0f94ce55-2579-4ab6-983a-4700d484586c','Herve Farfoot','11/09/2004',3,'86 Boyd Circle','F','3b6f46cc-bb52-4eb4-bc55-dfc30eff2ff6',2009);
INSERT INTO student VALUES('aa73de55-4e0b-4d10-b06f-380469c6963e','Bessy Drain','18/03/2015',3,'7824 Johnson Terrace','M','ece3fde1-6b86-4ca5-b6fe-d9cf68520777',1998);
INSERT INTO student VALUES('379281c4-e69b-4e5f-ae25-83983e08b953','Ryley Ferraretto','31/08/2010',4,'1915 Clemons Alley','M','abc5f5bd-458a-4b9a-96ad-4fd5f5b885af',2010);
INSERT INTO student VALUES('c03437a4-2c46-4f9f-a742-255bdbcecb4e','Blaine Cavy','25/03/2022',9,'2947 Clyde Gallagher Lane','F','a72eca60-beca-4723-9230-c676259431b2',1999);
INSERT INTO student VALUES('405d2eb8-7818-4253-8fcd-4519ebdb14f2','Elmo Walenta','19/05/2006',20,'1689 4th Trail','M','86175946-a53f-4656-a327-ae881b0c8ff7',1994);
INSERT INTO student VALUES('9bd763cd-c975-4690-8be8-4bff1b80cf18','Michell Dodman','16/01/2002',5,'630 Hollow Ridge Plaza','M','cbe9292e-310f-4810-a44e-e864c0715528',2008);
INSERT INTO student VALUES('bb725171-17a5-48c0-8318-7a087066e0f7','Maurise Kira','18/12/2019',4,'26981 American Ash Circle','F','f8566be2-32c1-426a-8609-5a86728bb820',2001);
INSERT INTO student VALUES('ec89d8bd-a183-4d6a-bb31-cb8564c09a82','Rozamond Ellerbeck','28/09/2000',17,'3674 Meadow Vale Circle','M','04f307ab-f5cd-4cde-b057-b8cb2fcefbaa',2002);
INSERT INTO student VALUES('5c6d492b-239c-42b6-9381-34dd72b729a6','Moises Padkin','10/01/2002',16,'6018 Bay Circle','F','440b3a00-7629-4d56-8200-ccf9df1acb10',2011);
INSERT INTO student VALUES('0eac8391-1e21-437f-85ae-c1818f96bfaf','Tonie O''Tierney','03/01/2019',16,'2 Dennis Court','F','a12cc12c-39b8-437c-84c5-05473c2eac37',2001);
INSERT INTO student VALUES('00e2ed04-6c70-4037-9ed1-e6e0d1fb1dbd','Dora Giovani','04/04/2001',20,'5604 Myrtle Circle','F','d14f9e4c-7ca0-42f3-9c56-8f1aac018667',2012);
INSERT INTO student VALUES('6f959f1f-5afe-417a-95e0-42dfc73ede5d','Andromache Masedon','21/10/2008',16,'4 Nova Circle','F','b2c139c9-6197-44d0-bc2b-dec88d50f16c',2008);
INSERT INTO student VALUES('c1a8c4ef-91bf-4859-adad-fe01d2e0ee21','Nappie Phillput','12/06/2009',14,'1 Mandrake Trail','M','5dc1b9dc-e2a8-4701-a485-aa10b01c4f68',2010);
INSERT INTO student VALUES('f82e6640-7b4c-4617-b72e-3f7f7852b1ad','Isak Peter','19/02/2017',13,'626 Porter Hill','F','29114984-3c05-43bf-a3bb-06c3f29e6925',1992);
INSERT INTO student VALUES('111f89df-6e8d-4797-afd3-6228f2e11560','Alysia Kesper','03/03/2000',16,'605 Browning Center','M','9224b92f-f23c-47c7-87ec-d4c0ae3a7278',1998);
INSERT INTO student VALUES('8d9aa6fe-e420-40ce-a9eb-7b75cf27b021','Kellen Drynan','02/07/2017',21,'51463 Grayhawk Way','F','b451fe45-a980-48d8-ae72-e6bc0a21b397',2000);
INSERT INTO student VALUES('61551d61-4fa3-4cc3-a9ad-4f26d8c018d7','Rog Mallison','26/04/2004',4,'108 Amoth Point','F','b4c9b12c-871a-4a40-ace3-65b98cfe24da',1990);
INSERT INTO student VALUES('7238ea8b-1ab4-419a-95b1-e45c067eeecc','Frank Ambrose','08/09/2014',20,'2 Cambridge Street','F','223d52dc-1846-4fda-9f8d-29e12b9c5890',1989);
INSERT INTO student VALUES('74471578-a5fd-4575-9140-4262633be4ca','Coletta McCahey','06/08/2008',8,'8114 Mesta Circle','F','1eb555e0-81f6-491b-91f6-0ad5d3ef8f24',2008);
INSERT INTO student VALUES('97be6b51-c96c-4a28-9280-2d6f55ede7c6','Damian Domico','03/03/2023',3,'829 Prairieview Avenue','M','3326f0c7-7a06-4bac-b3c3-c001386db694',2002);
INSERT INTO student VALUES('348ef026-1458-4ce9-b601-80b5b4c9212e','Damiano Joscelyne','05/02/2003',7,'9228 Waywood Center','F','fd45ff96-986b-4d53-a9b7-acb80eebf004',2005);
INSERT INTO student VALUES('7f0ec711-f456-4042-b635-cbc050e9e2a3','Patrice Vignaux','15/02/2008',14,'36995 Vidon Park','M','640a9476-f2b8-45b3-92b6-e932457d8b6c',1992);
INSERT INTO student VALUES('83eaf6e3-6132-4cfd-8cde-d08a7bc5f4b1','Modestine Weathey','30/08/2021',16,'197 Banding Hill','F','fad3196c-3e0e-4a32-a3a4-9d9fd6523ec1',1992);
INSERT INTO student VALUES('44ef927a-aed7-4cea-93f3-69b56d587d91','Silvie Mecchi','01/03/2003',7,'005 Saint Paul Place','F','9f41b7a6-21e6-48a2-af55-b50cc3b6e41b',2001);
INSERT INTO student VALUES('f8d5e58a-56b2-4e0e-8b35-60d15f25050f','Standford Howden','05/08/2013',7,'20361 Morrow Way','F','19035836-d837-4ac0-9e00-bfafe5863394',1992);
INSERT INTO student VALUES('26e82089-e592-45b8-a0b3-ef045c6d1be3','Abran Scottini','26/09/2010',7,'9213 Scott Park','F','b71781ca-4dfb-4347-aa6a-e0651f34eab7',1993);
INSERT INTO student VALUES('114b70c4-4c22-440d-b990-e50bdf1ec591','Reece Guiot','13/03/2001',15,'11491 Sugar Hill','M','7ec6abad-b39c-4583-bb4e-8e07bc5b1679',2009);
INSERT INTO student VALUES('56afa807-4dca-48e9-bdca-9519b95a4e62','Lilyan Leggate','06/08/2009',22,'176 6th Street','M','2bc8529c-1c87-4746-b42a-434a3539dbf3',1994);
INSERT INTO student VALUES('0cd1f51a-b8e8-4ffa-b002-26212f38123c','Christi Valde','17/09/1999',21,'99 Westerfield Circle','F','2e4a6bb5-ad38-4e43-b27c-983b9179607e',1987);
INSERT INTO student VALUES('8f790578-20c1-4602-946f-f9936270cfa7','Rolfe Andino','08/02/2018',3,'8 Duke Terrace','F','3fe48e3c-f20d-4acc-9e93-f61cc6abd366',2011);
INSERT INTO student VALUES('d1db4fe5-6cce-45c2-8c5b-b01fef6c622f','Peria Heditch','15/10/1999',11,'55 Northland Road','F','f9d7f93f-aa94-4acc-9d1d-2beb404e0e0c',2011);
INSERT INTO student VALUES('39f673b3-19e0-4dd7-9228-e5d4bfef84bf','Rochell MacGhee','07/02/1999',16,'48992 Prentice Avenue','M','5471d196-4744-4b32-8b24-fab66cd0f7aa',2003);
INSERT INTO student VALUES('7bbabaee-1022-48f6-b9a0-c4a8b4294f37','Dacie Wehnerr','17/01/2007',10,'9456 Shelley Street','F','1d3aade2-9d42-4831-9605-23c80e78682b',1995);
INSERT INTO student VALUES('19c21629-3b12-4c68-b74e-76e727684418','Aylmar Hanselman','25/09/2000',20,'88756 Bellgrove Avenue','M','d972dbe2-7994-4ef3-90bb-faa5657b1a6c',1991);
INSERT INTO student VALUES('e8e98a7c-5e45-450e-8572-30bc6548c51a','Eadith Jennins','30/03/2002',4,'9250 Lindbergh Point','F','59b225c1-343c-4a84-a1ec-561aa9eab089',2012);
INSERT INTO student VALUES('52e501a5-696c-4d7b-812e-a5edbedc1dbc','Philbert Bazylets','13/11/2000',9,'353 Logan Park','M','f2f1e363-3a30-41be-b61d-5523cd47c132',1999);
INSERT INTO student VALUES('380ca23a-7677-45cc-9559-f825205fd385','Alfonso Vials','19/01/2025',8,'6 West Way','M','ed6749bb-e46e-46f6-8e99-9f1855229d0a',2004);
INSERT INTO student VALUES('3cf95d90-9b47-4508-9f9d-6113ec601470','Glynda Schaumann','21/04/2012',19,'0511 Morrow Pass','M','60438036-a1a7-467b-a720-c4a36b673cd5',1997);
INSERT INTO student VALUES('c3c42350-e1c4-440d-bb8c-3d10395061da','Kleon Penhearow','10/07/2015',17,'83 Grover Court','F','cbb173bb-8569-4a0d-9619-bbdfa9475fd6',2012);
INSERT INTO student VALUES('6f932590-195a-4a82-8fec-df93d5e01bfa','Saw MacCarrane','24/08/2013',20,'30327 Basil Terrace','M','8af39a00-9b8c-4ce2-a580-4e18876e87dd',1995);
INSERT INTO student VALUES('a4048428-62f5-44b9-a94b-d554314195de','Janeta Lampaert','04/05/2015',5,'47118 Debs Court','M','9ee940f6-f441-4a9f-b845-5750058cdacf',2004);
INSERT INTO student VALUES('7bf317b9-36e6-4152-b613-efa6c92e077f','Persis Kybert','24/02/2023',12,'6 Thierer Crossing','M','a1ba931a-1ff0-489c-ad5f-72528bb34979',1987);
INSERT INTO student VALUES('bfbff25b-cc21-42fb-89df-f2ac6bf3391e','Sergeant Seivwright','14/05/2009',22,'75786 Florence Park','F','19b90832-88a4-4fd0-8261-b0f7a0e6fda7',2003);
INSERT INTO student VALUES('5f3793ea-f2d5-4991-88ea-512eacd719dd','Desdemona Low','11/06/2003',12,'154 Prairieview Crossing','F','5c5bf403-4305-4dc0-a2d6-387381d4f4d2',1993);
INSERT INTO student VALUES('93fb9aab-8736-487f-a7df-18c5a7499052','Leopold Hayball','01/07/2014',9,'18168 Upham Point','M','80b357f4-9b75-4f2a-a7ba-7a1c8e99455d',2000);
INSERT INTO student VALUES('b518d178-5109-4102-981c-e075f3646acb','Kriste McGurk','27/12/1999',7,'72 Service Way','M','55c1223e-d8c2-43e2-8daf-49927887f8a5',2004);
INSERT INTO student VALUES('9b5e3fa9-585c-4036-b836-2baedb42b658','Reggie Caselli','09/11/2009',7,'93596 Thompson Way','M','ab4139d7-19c7-4ab4-b394-f35132931158',1990);
INSERT INTO student VALUES('6c0fef06-21aa-421e-815e-4cced1b32466','Alida Ninnotti','17/06/2002',14,'36443 Lillian Pass','F','fcc64c7b-3ad2-4c4d-83fc-8852fd7de0b6',2004);
INSERT INTO student VALUES('96321731-87e6-48be-b2b7-95f7466592f3','Darbie Badrock','29/05/2013',5,'639 Kedzie Way','F','ac7ec85b-7cac-4f9a-9164-86f3de638330',2011);
INSERT INTO student VALUES('559243b5-cb33-4ab4-a1be-e90b28df18f0','Mohandas Furneaux','23/01/2000',11,'86 Lakewood Gardens Drive','F','a8561a1b-2b67-4a1b-addd-23028c0d3727',1999);
INSERT INTO student VALUES('cdad3aee-2c04-4115-89aa-4eb86763130b','Regan Snoxell','06/08/2021',19,'0 Raven Place','M','827967a0-18ee-47b5-92e8-a28ae4fdedfb',1991);
INSERT INTO student VALUES('d35d203c-222b-4b6b-8d15-5611d406e14a','Inigo Asman','19/09/2010',13,'08 Magdeline Crossing','F','ae8ac2b2-99e9-49df-8cad-ef26023f9905',2001);
INSERT INTO student VALUES('d0ed8bb6-0bf7-46e0-b330-3e87364a636a','Matilde Gerrett','13/02/2007',19,'25408 Bashford Center','F','7a2fc5f5-5518-4aec-8298-77775a3d47fe',1992);
INSERT INTO student VALUES('4f8ef254-8173-4036-9b6b-41cb537d81f8','Si Semark','09/10/2003',20,'75084 Commercial Point','F','c3e53893-a80e-4553-adfe-1bd6230162b1',1992);
INSERT INTO student VALUES('9ba9beb9-4019-42cc-b835-0ff5e7b6bbfc','Allyce Cross','08/02/2016',3,'20662 Monument Trail','F','8dcb95f9-353b-4164-a6e0-b41278d1faef',2009);
CREATE TABLE `marks` (
`Exam_Id` TEXT(100) NOT NULL DEFAULT '',
`studentid` TEXT(100) NOT NULL DEFAULT '',
`Academic_Year` INT(100) NOT NULL,
`marks` INT(100) NOT NULL,
PRIMARY KEY (`Exam_Id`,`studentid`,`Academic_Year`)
);
INSERT INTO marks VALUES('Exam_Id','studentid','Academic_Year','Marks');
INSERT INTO marks VALUES('fe82a0a7-9998-4080-95ec-d1a8452e3381','ddddc0dc-c070-4b7f-82b1-13ba9123157b',1994,72);
INSERT INTO marks VALUES('e01bf4ad-7965-4175-9a10-9e3634be9b9f','dbae25c4-cfe7-4e4a-8fb1-d1784663ff6c',2007,74);
INSERT INTO marks VALUES('fc476a1d-8983-4a36-a893-3176ba2436af','8e660bbd-560c-4bd6-a8f5-0e9c15e850b5',1985,12);
INSERT INTO marks VALUES('2ae33d6d-94db-4c83-9151-c85e1246f235','fabce3e0-4796-4331-8964-29da34fb8d50',2002,18);
INSERT INTO marks VALUES('fc344363-f4b7-4f85-9ea8-563a07dc0264','a69fbca8-905d-4771-a78a-89218c9e4477',2009,35);
INSERT INTO marks VALUES('1bd02076-0771-4d8d-ba94-351a2f6e1293','ade6d607-42eb-4875-897e-cb487631b55c',1995,22);
INSERT INTO marks VALUES('0c72ef50-038f-4f11-9894-7897a101e055','fe216cd9-2293-4d02-a68f-8eb26158e2e3',1997,65);
INSERT INTO marks VALUES('17111315-013b-48b6-b021-e5fcef0875bd','4f071e23-9d69-46e7-9f5d-1b7e363580db',1992,3);
INSERT INTO marks VALUES('e80d8d04-4311-45e9-a85e-0c00e1ed7078','20820baa-bce5-4f13-a8d4-185eb9fd650a',1998,2);
INSERT INTO marks VALUES('5f2ec924-0b25-4be8-94a0-c8b7b45406b9','c8fb5842-3bff-4dc9-a3a0-ddb07ad72c5b',2000,67);
INSERT INTO marks VALUES('6838903b-fd6a-40e7-82fe-84ece1cda676','fca3d95d-c968-4a6d-8f70-a597b50f99e4',2004,53);
INSERT INTO marks VALUES('7d9313c8-958a-4c09-bc6a-f854b90623ee','58adbbfd-473d-4b4d-8837-5cc0435a30a5',2006,66);
INSERT INTO marks VALUES('2d975ae9-d2b6-4cb7-8f89-f98f8067d09c','493c1c29-f095-4dad-aa93-e9e3610f7841',1987,55);
INSERT INTO marks VALUES('1a2b2891-8520-45ee-bcb7-e1c3de4d9b14','b19d9c26-88cb-4cb4-8584-67acb121840b',2010,64);
INSERT INTO marks VALUES('fe8a263a-29e4-4653-9483-0a9d25ae674e','5547c678-430a-4351-b093-62109fa70596',2011,39);
INSERT INTO marks VALUES('23a28648-dba0-40ce-8fb0-aaea9f6fe54e','40dbc66f-0aaa-474c-be35-22ec62742a04',2012,30);
INSERT INTO marks VALUES('db059006-12b3-437c-a28f-7c4e0df3c610','27a75ec7-b213-4567-b882-bdf8a1514d4d',1996,73);
INSERT INTO marks VALUES('98bb96be-80f7-4c36-9903-80b98e6659a2','5a4d7df9-8d29-44bf-b17c-570bd4bf7bd9',2005,89);
INSERT INTO marks VALUES('d07818f9-f738-407c-ae1b-5847103c2dd3','8f820dea-11b3-46da-b9c9-90dbd56e1946',1991,48);
INSERT INTO marks VALUES('30748adc-4742-439e-8555-3f77717c5ef0','71718de0-a292-415f-b0b0-2994f8b26480',1969,40);
INSERT INTO marks VALUES('55f30a3f-da16-4e2b-81b4-1b17e8c2f00f','34704040-3315-4f1e-8a14-420337c5167c',1993,75);
INSERT INTO marks VALUES('92845d99-1912-4ab3-a0b0-7fd5720057ab','d3ffbf5b-edae-4e77-8293-0802482995b0',2003,93);
INSERT INTO marks VALUES('30789272-b99d-4aff-b33b-c6c35e8e624e','3e820d2d-3d2e-42b4-8c0e-74ff28a4d087',1989,87);
INSERT INTO marks VALUES('a99b5ee4-24a9-4a9a-bbe4-5921f20a5ee6','a55baa2f-b12f-401f-83b2-6c9bec75a893',1999,27);
INSERT INTO marks VALUES('568e2b68-d245-435e-ab5a-d1e0fa374daf','b70ad0a5-858b-4617-a91e-69345736ec94',2001,18);
INSERT INTO marks VALUES('8d5a8ab2-afaa-4c93-a767-c0fb680c4522','47740aee-2e9d-4c11-8004-2c7cd121d568',1986,88);
INSERT INTO marks VALUES('6b744ab9-3e6e-4edd-9321-6709b2c8892a','e834dae8-d0b1-4699-9271-0e3a3bade5aa',2008,13);
INSERT INTO marks VALUES('0e2a8045-8c9b-4d1a-8c90-6915c3e014e1','4c825442-6e49-4991-82ee-560ff1ec7663',1956,49);
INSERT INTO marks VALUES('e9348696-0747-48e6-8b92-54b1ff315277','fdcf4430-0429-498d-b660-59c10b98403a',1966,54);
INSERT INTO marks VALUES('8949d5f4-6ab2-4450-8318-71b1895b4bc9','8f15596f-02cc-443e-ba7d-bd483d40d723',1994,28);
INSERT INTO marks VALUES('6db8b7fc-e496-4af8-a04f-0fb5ffe0aac7','45a7dab8-b0eb-4079-8d3f-b2fe0da273a1',2007,79);
INSERT INTO marks VALUES('e4ed47ee-2d38-44bd-ae1a-6d858cf79c85','5d5a9f6f-bfee-4339-935e-a22e18b92c98',1985,70);
INSERT INTO marks VALUES('6483cbd3-7f81-47e2-8c48-092684fb8846','7cfc4580-fec4-4152-8020-989d3eaac3ec',2002,56);
INSERT INTO marks VALUES('696d0083-ba91-4edb-a0e9-66f991f077e8','aed6c2f7-504a-4a1e-b87d-c1ee3e06687f',2009,31);
INSERT INTO marks VALUES('e01ea61b-6be3-4b02-8cb0-9ec57586f158','6ecf5aeb-89aa-44ef-8a91-096397b591a3',1995,48);
INSERT INTO marks VALUES('60dffb53-62e0-4d41-98eb-00a0ad5d1dcb','00d4d14f-fbd1-4222-8343-68f28a76fd58',1997,95);
INSERT INTO marks VALUES('b783bb28-d304-48e1-a512-226ce189f408','b2c56822-523f-4308-b524-70a841fcca45',1992,53);
INSERT INTO marks VALUES('903c7de9-b8ac-4176-aedd-5c1a3391be70','6e262f9c-29a6-46f2-aca4-d93eeb2806f6',1998,25);
INSERT INTO marks VALUES('ee55b8d2-9540-4449-88d2-957e00b6c09e','84ab1514-17a4-4816-bcce-4ae9c61ef8bb',2000,83);
INSERT INTO marks VALUES('f8dfcfa6-1491-4ad7-9752-5bdab6f1c295','0d19c848-e64b-4ae6-b8e6-ceecde2cc764',2004,43);
INSERT INTO marks VALUES('b931be1f-9ea1-4ad7-8571-e4b43d9f6ce2','e20cd644-5be9-480b-8c2d-b5452132178d',2006,74);
INSERT INTO marks VALUES('eec8b21f-8cf9-4b4c-8ee8-ff4c0e8fcfb9','382a4414-5ec4-4b50-ba58-0b2a1e8151d1',1987,66);
INSERT INTO marks VALUES('5c7d0724-7a6a-4ce1-abb2-19eb0343e34e','4c2d6acb-1e46-4c9a-b378-3371f0406f4a',2010,97);
INSERT INTO marks VALUES('22a0d085-8983-44c5-9786-1307eb49b177','9d0b5320-fda0-4255-a0ed-6b7151cbec97',2011,61);
INSERT INTO marks VALUES('d5d97b52-4fce-4e24-a49a-78cfa9298480','82103c14-48b0-4199-98c0-5fdc36702377',2012,6);
INSERT INTO marks VALUES('5647edcc-29f0-474b-9e85-ab28c268ad1c','0f94ce55-2579-4ab6-983a-4700d484586c',1996,38);
INSERT INTO marks VALUES('84794ca4-761e-4285-8392-32fccb57dd44','aa73de55-4e0b-4d10-b06f-380469c6963e',2005,99);
INSERT INTO marks VALUES('e6308890-473c-4614-96db-bd65ab7c6f60','379281c4-e69b-4e5f-ae25-83983e08b953',1991,53);
INSERT INTO marks VALUES('96a0941a-fb51-417e-a68e-94fad060f023','c03437a4-2c46-4f9f-a742-255bdbcecb4e',1969,7);
INSERT INTO marks VALUES('42acb7ce-e574-415d-bff0-573352624638','405d2eb8-7818-4253-8fcd-4519ebdb14f2',1993,28);
INSERT INTO marks VALUES('b2e78cfa-081b-43ca-8e45-472eb10cae13','9bd763cd-c975-4690-8be8-4bff1b80cf18',2003,96);
INSERT INTO marks VALUES('837ca774-f4e2-40d9-95c5-9bfa1875b864','bb725171-17a5-48c0-8318-7a087066e0f7',1989,44);
INSERT INTO marks VALUES('1334fe37-2f37-4d66-a4e7-5283bf1ff911','ec89d8bd-a183-4d6a-bb31-cb8564c09a82',1999,49);
INSERT INTO marks VALUES('9b919e8c-e636-4fd7-8fb5-4991d60ed4e6','5c6d492b-239c-42b6-9381-34dd72b729a6',2001,40);
INSERT INTO marks VALUES('a3cb80be-d551-4ea8-8fc9-3c7c82e8717b','0eac8391-1e21-437f-85ae-c1818f96bfaf',1986,75);
INSERT INTO marks VALUES('c2b7c0a2-aa74-474e-b316-3d19bdbb0f57','00e2ed04-6c70-4037-9ed1-e6e0d1fb1dbd',2008,36);
INSERT INTO marks VALUES('315c052d-aa7a-4a6a-8690-93db7dc4c4a0','6f959f1f-5afe-417a-95e0-42dfc73ede5d',1956,63);
INSERT INTO marks VALUES('2a663f1b-a171-4651-8da8-b39866945a63','c1a8c4ef-91bf-4859-adad-fe01d2e0ee21',1966,50);
INSERT INTO marks VALUES('bd213c14-0307-4877-aff0-df793c112276','f82e6640-7b4c-4617-b72e-3f7f7852b1ad',1994,66);
INSERT INTO marks VALUES('b3ccdd23-a56c-4d89-816c-e2b0da5683e4','111f89df-6e8d-4797-afd3-6228f2e11560',2007,94);
INSERT INTO marks VALUES('e1917cba-0b98-4054-90e2-e0416aff297e','8d9aa6fe-e420-40ce-a9eb-7b75cf27b021',1985,68);
INSERT INTO marks VALUES('844276b3-8e31-4f8c-9500-f061c6cf9325','61551d61-4fa3-4cc3-a9ad-4f26d8c018d7',2002,9);
INSERT INTO marks VALUES('d26dcf11-21d8-4110-a152-f12cee70d90d','7238ea8b-1ab4-419a-95b1-e45c067eeecc',2009,4);
INSERT INTO marks VALUES('81126351-9b45-45fc-8546-2a50b05afd89','74471578-a5fd-4575-9140-4262633be4ca',1995,71);
INSERT INTO marks VALUES('960481c9-be97-416a-8711-21d9f87402f6','97be6b51-c96c-4a28-9280-2d6f55ede7c6',1997,58);
INSERT INTO marks VALUES('7cdffd84-e378-48db-9c48-45fbf52fc22d','348ef026-1458-4ce9-b601-80b5b4c9212e',1992,56);
INSERT INTO marks VALUES('50eb6c26-4b03-4785-961e-148141b5ae1f','7f0ec711-f456-4042-b635-cbc050e9e2a3',1998,28);
INSERT INTO marks VALUES('312d150b-9941-4bd0-b0af-74f5485b516f','83eaf6e3-6132-4cfd-8cde-d08a7bc5f4b1',2000,83);
INSERT INTO marks VALUES('079c3631-7d9e-4bbd-adaf-526692889d95','44ef927a-aed7-4cea-93f3-69b56d587d91',2004,88);
INSERT INTO marks VALUES('e34192c7-e421-4247-a56d-fc24f08658fd','f8d5e58a-56b2-4e0e-8b35-60d15f25050f',2006,6);
INSERT INTO marks VALUES('9a729822-75a8-4cfb-a60c-599976203d97','26e82089-e592-45b8-a0b3-ef045c6d1be3',1987,20);
INSERT INTO marks VALUES('febf849f-cbbe-4469-8b71-615b75f53f84','114b70c4-4c22-440d-b990-e50bdf1ec591',2010,7);
INSERT INTO marks VALUES('43b28770-7615-493b-8b42-fe474560367c','56afa807-4dca-48e9-bdca-9519b95a4e62',2011,96);
INSERT INTO marks VALUES('07aeff23-f2f3-4726-8dfd-a291be28a6e5','0cd1f51a-b8e8-4ffa-b002-26212f38123c',2012,80);
INSERT INTO marks VALUES('e573760e-198d-418c-94c1-639f3d1942b6','8f790578-20c1-4602-946f-f9936270cfa7',1996,94);
INSERT INTO marks VALUES('68f0662b-aed3-48ec-a185-214090fb991b','d1db4fe5-6cce-45c2-8c5b-b01fef6c622f',2005,47);
INSERT INTO marks VALUES('e2e96392-3dbb-4a77-a6a5-96b91c551c99','39f673b3-19e0-4dd7-9228-e5d4bfef84bf',1991,6);
INSERT INTO marks VALUES('868beb0a-799f-45ca-bbd6-9889fbe32fe2','7bbabaee-1022-48f6-b9a0-c4a8b4294f37',1969,52);
INSERT INTO marks VALUES('f7d1320f-5324-4f66-acfb-0a2350f15e48','19c21629-3b12-4c68-b74e-76e727684418',1993,33);
INSERT INTO marks VALUES('0d95a1ba-d279-428f-89f7-e1f7766cd7c7','e8e98a7c-5e45-450e-8572-30bc6548c51a',2003,71);
INSERT INTO marks VALUES('6c8bdc68-bfe8-4e5e-a3d8-4eb374876d7c','52e501a5-696c-4d7b-812e-a5edbedc1dbc',1989,28);
INSERT INTO marks VALUES('e66b8751-0438-412e-971f-2eeaab6f01ee','380ca23a-7677-45cc-9559-f825205fd385',1999,22);
INSERT INTO marks VALUES('ced6b6f6-7b6b-41f3-a3db-c24fa9973e71','3cf95d90-9b47-4508-9f9d-6113ec601470',2001,51);
INSERT INTO marks VALUES('2919c69a-8956-4bfc-9f05-87831502b847','c3c42350-e1c4-440d-bb8c-3d10395061da',1986,39);
INSERT INTO marks VALUES('7ce1d01c-f1b4-4592-a2d0-075e0b8e45b6','6f932590-195a-4a82-8fec-df93d5e01bfa',2008,78);
INSERT INTO marks VALUES('2f408dd5-438d-4851-a44f-2e338c49d3ce','a4048428-62f5-44b9-a94b-d554314195de',1956,43);
INSERT INTO marks VALUES('24b88784-3a63-4115-afea-fe51031a3b7f','7bf317b9-36e6-4152-b613-efa6c92e077f',1966,80);
INSERT INTO marks VALUES('17a97595-d52a-4b2f-bc1e-a6a7c0aefba8','bfbff25b-cc21-42fb-89df-f2ac6bf3391e',1994,74);
INSERT INTO marks VALUES('efc94f38-051a-455a-8397-b306bbbb17eb','5f3793ea-f2d5-4991-88ea-512eacd719dd',2007,45);
INSERT INTO marks VALUES('cec5d6c7-184b-4f7d-bd0e-ca5459b156de','93fb9aab-8736-487f-a7df-18c5a7499052',1985,55);
INSERT INTO marks VALUES('9f734ad6-a3b1-42cf-ba25-300ecf373405','b518d178-5109-4102-981c-e075f3646acb',2002,81);
INSERT INTO marks VALUES('cf27eb91-12b7-45df-8234-f453f88201ba','9b5e3fa9-585c-4036-b836-2baedb42b658',2009,25);
INSERT INTO marks VALUES('6565c57e-3de4-4782-948a-d861d67bf95b','6c0fef06-21aa-421e-815e-4cced1b32466',1995,9);
INSERT INTO marks VALUES('7d0bb8c3-af76-4a3c-8797-6444707aaa3e','96321731-87e6-48be-b2b7-95f7466592f3',1997,48);
INSERT INTO marks VALUES('6e16a6ad-f093-4698-bafb-b0ca8ef7477f','559243b5-cb33-4ab4-a1be-e90b28df18f0',1992,99);
INSERT INTO marks VALUES('963d801b-77f6-4a34-84d4-3c06f9db867e','cdad3aee-2c04-4115-89aa-4eb86763130b',1998,96);
INSERT INTO marks VALUES('a035e8c9-32ac-462d-aa9d-7a4b8b0a9ad6','d35d203c-222b-4b6b-8d15-5611d406e14a',2000,58);
INSERT INTO marks VALUES('d7b68fc9-47b4-422b-bf3c-33b37083f812','d0ed8bb6-0bf7-46e0-b330-3e87364a636a',2004,14);
INSERT INTO marks VALUES('9c9bc638-52c7-40ed-9882-e110e7b68df3','4f8ef254-8173-4036-9b6b-41cb537d81f8',2006,45);
INSERT INTO marks VALUES('695e8414-0606-4997-a81b-549a9a71d813','9ba9beb9-4019-42cc-b835-0ff5e7b6bbfc',1987,66);
COMMIT;
